OBJECTID,AREA_S_CD,Neighbourhood,Assault_2014,AutoTheft_2014,BreakandEnter_2014,Robbery_2014,TheftOver_2014,Homicide_2014,Total_2014,Assault_2015,AutoTheft_2015,BreakandEnter_2015,Robbery_2015,TheftOver_2015,Homicide_2015,Total_2015,Assault_2016,AutoTheft_2016,BreakandEnter_2016,Robbery_2016,TheftOver_2016,Homicide_2016,Total_2016,Assault_2017,AutoTheft_2017,BreakandEnter_2017,Robbery_2017,TheftOver_2017,Homicide_2017,Total_2017,Assault_AVG,AutoTheft_AVG,BreakandEnter_AVG,Robbery_AVG,TheftOver_AVG,Homicide_AVG,Total_AVG,Assault_ch,AutoTheft_ch,BreakandEnter_ch,Robbery_ch,TheftOver_ch,Homicide_ch,Total_ch,Population,Assault_Rate,AutoTheft_Rate,BreakandEnter_Rate,Robbery_Rate,TheftOver_Rate,Homicide_Rate,Total_Rate,Shape__Area,Shape__Length
1,97,Yonge-St.Clair (97),16,3,32,2,2,0,55,28,3,13,0,3,0,47,29,5,7,3,7,0,51,20,1,17,2,0,0,40,23,3,17,2,3,0,48,-0.31,-0.8,1.43,-0.33,-1,N/A,-0.22,3189,721.2292255,94.07337723,533.082471,62.71558482,94.07337723,0,1505.174036,1161308.833,5873.097806
2,27,York University Heights (27),269,118,98,60,28,1,574,303,105,134,85,45,0,672,349,106,94,69,35,2,655,344,88,99,72,37,1,641,316,104,106,72,36,1,636,-0.01,-0.17,0.05,0.04,0.06,-50%,-0.02,36764,859.5365031,282.8854314,288.3255359,195.8437602,97.9218801,2.720052225,1729.953215,13246981.64,18504.93621
3,38,Lansing-Westgate (38),38,16,41,10,5,0,110,57,20,32,5,5,0,119,55,23,39,4,4,0,125,63,24,40,13,6,0,146,53,21,38,8,5,0,125,0.15,0.04,0.03,2.25,0.5,N/A,0.17,10242,517.4770553,205.0380785,371.0212849,78.10974419,48.81859012,0,1220.464753,5346378.122,11112.31646
4,31,Yorkdale-Glen Park (31),106,63,51,23,24,1,268,136,53,57,21,14,1,282,174,41,66,24,26,1,332,162,52,58,34,23,1,330,145,52,58,26,22,1,303,-0.07,0.27,-0.12,0.42,-0.12,0%,-0.01,18233,795.2613393,285.19717,318.1045357,142.598585,120.6603411,5.484560961,1661.821971,6038420.076,10079.44275
5,16,Stonegate-Queensway (16),93,35,68,14,8,0,218,70,33,42,9,10,0,164,72,16,52,14,5,0,159,101,32,50,25,6,0,214,84,29,53,16,7,0,189,0.4,1,-0.04,0.79,0.2,N/A,0.35,22207,378.2591075,130.5894538,238.6634845,72.04935381,31.52159229,0,851.0829918,7946085.613,11853.05462
6,118,Tam O'Shanter-Sullivan (118),98,23,44,26,3,0,194,79,19,64,32,7,1,202,92,21,59,11,7,0,190,111,18,39,26,7,0,201,95,20,52,24,6,0,197,0.21,-0.14,-0.34,1.36,0,N/A,0.06,43695,217.4161803,45.77182744,119.0067513,54.92619293,13.73154823,0,450.8525003,5422444.904,10750.55166
7,63,The Beaches (63),68,8,36,15,9,0,136,93,21,37,11,5,0,167,80,8,67,17,3,0,175,106,9,32,48,7,0,202,87,12,43,23,6,0,170,0.33,0.13,-0.52,1.82,1.33,N/A,0.15,28378,306.5755162,42.2862781,151.5258299,81.0486997,21.14313905,0,599.0556065,3595846.874,11275.35313
8,3,Thistletown-Beaumond Heights (3),63,10,22,22,1,0,118,58,14,23,26,3,0,124,50,15,24,21,2,0,112,57,23,17,23,4,0,124,57,16,22,23,3,0,120,0.14,0.53,-0.29,0.1,1,N/A,0.11,16039,355.3837521,99.7568427,137.1656587,143.4004614,18.70440801,0,748.1763202,3339612.414,10828.72346
9,55,Thorncliffe Park (55),85,14,34,16,9,3,161,106,11,28,10,6,0,161,86,4,28,15,12,0,145,98,9,19,9,9,5,149,94,10,27,13,9,2,154,0.14,1.25,-0.32,-0.4,-0.25,N/A,0.03,8352,1125.478927,119.7318008,323.2758621,155.651341,107.7586207,23.94636015,1843.869732,3126568.791,7502.759741
10,59,Danforth East York (59),53,6,25,4,0,0,88,43,9,19,7,2,0,80,28,8,27,6,3,0,72,70,7,28,7,0,0,112,49,8,25,6,1,0,88,1.5,-0.13,0.04,0.17,-1,N/A,0.56,10485,467.3342871,76.29947544,238.4358608,57.22460658,9.53743443,0,839.2942299,2188650.219,7624.07023
11,106,Humewood-Cedarvale (106),26,11,23,3,3,0,66,28,3,30,7,3,1,72,34,18,20,4,3,0,79,28,18,23,6,4,1,80,29,13,24,5,3,1,74,-0.18,0,0.15,0.5,0.33,N/A,0.01,11124,260.6975908,116.8644373,215.7497303,44.94786048,26.96871629,8.989572096,665.2283351,1871214.866,6036.150061
12,14,Islington-City Centre West (14),214,87,108,34,34,2,479,203,99,141,36,42,0,521,214,127,100,37,36,0,514,204,94,92,67,31,0,488,209,102,110,44,36,1,501,-0.05,-0.26,-0.08,0.81,-0.14,N/A,-0.05,56701,368.6002011,179.8910072,194.0001058,77.60004233,63.49094372,1.763637326,883.5823001,16240171.99,20312.21585
13,66,Danforth (66),140,12,47,20,4,1,224,160,8,49,28,6,1,252,108,10,61,32,8,1,220,121,16,39,47,5,1,229,132,12,49,32,6,1,231,0.12,0.6,-0.36,0.47,-0.38,0%,0.04,16749,788.1067526,71.64606842,292.5547794,191.0561825,35.82303421,5.970505702,1379.186817,1119701.693,6233.419583
14,28,Rustic (28),78,14,27,17,0,0,136,78,26,21,21,2,1,149,105,11,25,15,1,0,157,81,15,21,13,1,0,131,86,17,24,17,1,0,143,-0.23,0.36,-0.16,-0.13,0,N/A,-0.17,7525,1142.857143,225.9136213,318.9368771,225.9136213,13.28903654,0,1900.332226,2096415.966,5889.095942
15,139,Scarborough Village (139),159,20,48,31,3,1,262,147,15,48,33,2,0,245,191,8,34,24,2,6,265,144,21,33,23,5,1,227,160,16,41,28,3,2,250,-0.25,1.63,-0.03,-0.04,1.5,-83%,-0.14,14566,1098.448442,109.8448442,281.4774132,192.2284773,20.59590828,13.73060552,1716.32569,3151143.212,7922.855776
16,85,South Parkdale (85),143,6,33,17,4,0,203,178,17,47,22,2,0,266,162,20,61,28,9,1,281,159,15,50,26,9,0,259,161,15,48,23,6,0,252,-0.02,-0.25,-0.18,-0.07,0,-100%,-0.08,34420,467.7513074,43.57931435,139.4538059,66.82161534,17.43172574,0,732.1324811,2287045.564,10803.0106
17,70,South Riverdale (70),180,13,81,45,16,1,336,175,20,93,37,13,0,338,205,24,143,36,20,3,431,211,34,81,55,25,5,411,193,23,100,43,19,2,379,0.03,0.42,-0.43,0.53,0.25,67%,-0.05,32071,601.7897789,71.71588039,311.8081756,134.0775155,59.24355337,6.236163512,1181.752986,10964899.26,43081.52372
18,40,St.Andrew-Windfields (40),58,18,88,10,12,1,187,52,29,88,7,19,0,195,61,11,58,24,10,0,164,52,19,101,2,7,2,183,56,19,84,11,12,1,182,-0.15,0.73,0.74,-0.92,-0.3,N/A,0.12,19066,293.7165635,99.65383405,440.5748453,57.69432498,62.93926361,5.244938634,954.5788314,7299883.009,13026.33999
19,61,Taylor-Massey (61),114,15,31,26,4,0,190,91,8,67,31,2,1,200,86,8,37,15,4,1,151,88,4,22,15,0,1,130,95,9,39,22,3,1,168,0.02,-0.5,-0.41,0,-1,0%,-0.14,9584,991.2353923,93.90651085,406.9282137,229.5492487,31.30217028,10.43405676,1752.921536,1062956.68,5940.626958
20,21,Humber Summit (21),111,73,69,29,15,0,297,124,46,51,38,16,1,276,157,68,44,34,18,0,321,146,86,43,36,19,2,332,135,68,52,34,17,1,307,-0.07,0.26,-0.02,0.06,0.06,N/A,0.03,14188,951.5083169,479.2782633,366.5069072,239.6391317,119.8195658,7.048209755,2163.800395,7967069.849,12608.82715
21,22,Humbermede (22),87,31,20,23,1,0,162,104,29,28,12,9,0,182,83,39,22,18,1,1,164,133,54,18,26,7,1,239,102,38,22,20,5,1,187,0.6,0.38,-0.18,0.44,6,0%,0.46,6029,1691.822856,630.2869464,364.902969,331.7299718,82.93249295,16.58649859,3101.675236,4421766.241,12446.03962
22,133,Centennial Scarborough (133),41,2,12,3,1,0,59,34,5,11,3,1,0,54,44,5,15,6,0,0,70,34,7,22,9,3,1,76,38,5,15,5,1,0,65,-0.23,0.4,0.47,0.5,,N/A,0.09,10932,347.6033663,45.73728503,137.2118551,45.73728503,9.147457007,0,594.5847055,5468473.448,12038.50591
23,75,Church-Yonge Corridor (75),634,34,158,143,43,1,1013,720,26,170,157,26,4,1103,729,30,167,173,43,3,1145,946,32,229,207,32,1,1447,757,31,181,170,36,2,1177,0.3,0.07,0.37,0.2,-0.26,-67%,0.26,36499,2074.029425,84.9338338,495.9039974,465.7661854,98.63283926,5.479602181,3224.745883,1364581.016,6346.990752
24,120,Clairlea-Birchmount (120),239,37,134,46,3,0,459,261,27,112,51,13,2,466,229,35,84,42,18,1,409,238,38,102,49,4,0,431,242,34,108,47,10,1,441,0.04,0.09,0.21,0.17,-0.78,-100%,0.05,34751,696.3828379,97.83891111,310.7824235,135.2479065,28.77615033,2.877615033,1269.028229,7397663.355,16485.55936
25,123,Cliffcrest (123),78,16,43,28,4,0,169,101,13,59,22,4,1,200,111,8,61,23,3,0,206,118,19,34,32,6,0,209,102,14,49,26,4,0,196,0.06,1.38,-0.44,0.39,1,N/A,0.01,19890,512.8205128,70.38712921,246.3549522,130.7189542,20.11060835,0,985.4198089,7191723.375,19946.36854
26,44,Flemingdon Park (44),139,8,50,26,9,1,233,148,8,20,22,3,0,201,158,4,14,24,3,0,203,132,12,13,20,4,0,181,144,8,24,23,5,0,205,-0.16,2,-0.07,-0.17,0.33,N/A,-0.11,23841,604.00151,33.55563944,100.6669183,96.4724634,20.97227465,0,859.8632608,2473317.346,8487.848271
27,92,Corso Italia-Davenport (92),77,15,32,24,2,0,150,105,10,22,23,4,1,165,91,8,15,30,2,0,146,98,14,32,31,2,0,177,93,12,25,27,3,0,160,0.08,0.75,1.13,0.03,0,N/A,0.21,11380,817.2231986,105.4481547,219.6836555,237.258348,26.36203866,0,1405.975395,1884694.029,6077.911902
28,125,Ionview (125),102,8,35,27,4,0,176,115,16,48,19,5,0,203,108,8,17,11,4,0,148,96,10,33,13,1,0,153,105,11,33,18,4,0,170,-0.11,0.25,0.94,0.18,-0.75,N/A,0.03,10925,961.0983982,100.6864989,302.0594966,164.7597254,36.61327231,0,1556.064073,1952932.448,6356.2291
29,90,Junction Area (90),99,25,38,16,6,1,185,108,25,36,21,2,0,192,111,23,35,14,4,0,187,95,24,50,18,8,0,195,103,24,40,17,5,0,190,-0.14,0.04,0.43,0.29,1,N/A,0.04,4755,2166.140904,504.7318612,841.2197687,357.5184017,105.1524711,0,3995.793901,2631875.804,7789.292596
30,57,Broadview North (57),42,0,14,6,0,0,62,36,4,18,5,1,0,64,37,6,13,8,2,0,66,31,5,18,1,1,1,57,37,4,16,5,1,0,62,-0.16,-0.17,0.38,-0.88,-0.5,N/A,-0.14,7449,496.7109679,53.69848302,214.7939321,67.12310377,13.42462075,0,832.3264868,1746009.421,7178.138059
31,10,Princess-Rosethorn (10),18,21,31,4,2,0,76,12,16,24,1,4,0,57,19,19,28,27,3,1,97,18,18,26,4,3,0,69,17,19,27,9,3,0,75,-0.05,-0.05,-0.07,-0.85,0,-100%,-0.29,8588,197.9506288,221.2389381,314.3921751,104.7973917,34.9324639,0,873.3115976,5171455.958,11052.18437
32,68,North Riverdale (68),28,9,35,22,2,0,96,42,7,42,27,3,0,121,38,4,27,31,5,1,106,47,6,25,23,2,1,104,39,7,32,26,3,1,107,0.24,0.5,-0.07,-0.26,-0.6,0%,-0.02,9173,425.160798,76.31091246,348.8498855,283.440532,32.70467677,10.90155892,1166.466805,1786114.055,5475.767548
33,13,Etobicoke West Mall (13),45,11,33,9,0,1,99,60,17,25,5,3,0,110,51,15,16,4,0,1,87,52,7,8,5,3,0,75,52,13,21,6,2,1,93,0.02,-0.53,-0.5,0.25,,-100%,-0.14,4354,1194.304088,298.576022,482.3151125,137.8043179,45.93477262,22.96738631,2135.966927,1796682.39,6476.177556
34,102,Forest Hill North (102),36,12,44,12,4,0,108,39,14,38,8,4,0,103,45,3,20,11,4,0,83,52,17,50,8,3,0,130,43,12,38,10,4,0,106,0.16,4.67,1.5,-0.27,-0.25,N/A,0.57,11459,375.2508945,104.7211799,331.6170696,87.26764988,34.90705995,0,925.0370888,1569123.029,5693.137069
35,25,Glenfield-Jane Heights (25),261,35,33,34,6,0,369,270,45,35,40,6,0,396,278,57,29,61,9,1,435,251,43,40,42,5,2,383,265,45,34,44,7,1,396,-0.1,-0.25,0.38,-0.31,-0.44,100%,-0.12,26132,1014.082351,172.2026634,130.108679,168.3759375,26.78708097,3.826725853,1515.383438,5149910.024,11437.56913
36,65,Greenwood-Coxwell (65),100,20,48,14,3,2,187,125,16,33,19,8,0,201,89,14,59,8,6,0,176,65,8,32,15,8,0,128,95,15,43,14,6,1,173,-0.27,-0.43,-0.46,0.88,0.33,N/A,-0.27,14261,666.1524437,105.1819648,301.5216324,98.16983381,42.07278592,7.012130987,1213.098661,1675196.767,6843.037512
37,140,Guildwood (140),55,3,15,16,1,0,90,45,0,20,6,2,0,73,45,5,18,7,1,0,76,49,5,13,10,5,0,82,49,3,17,10,2,0,80,0.09,0,-0.28,0.43,4,N/A,0.08,14842,330.1441854,20.21290931,114.5398194,67.37636437,13.47527287,0,539.010915,3804484.415,9830.330325
38,81,Trinity-Bellwoods (81),153,12,64,25,10,0,264,132,16,46,15,7,0,216,159,19,50,15,3,1,247,157,11,71,18,7,0,264,150,15,58,18,7,0,248,-0.01,-0.42,0.42,0.2,1.33,-100%,0.07,24358,615.8141062,61.58141062,238.1147877,73.89769275,28.73799162,0,1018.145989,1729651.872,5343.124028
39,43,Victoria Village (43),63,12,27,5,5,0,112,84,10,39,8,5,0,146,84,12,13,11,4,2,126,49,8,21,11,5,1,95,70,11,25,9,5,1,120,-0.42,-0.33,0.62,0,0.25,-50%,-0.25,11725,597.0149254,93.81663113,213.2196162,76.75906183,42.64392324,8.528784648,1023.454158,4755419.687,11800.59468
40,77,Waterfront Communities-The Island (77),645,52,148,66,43,1,955,741,41,175,44,41,1,1043,790,36,194,62,56,0,1138,816,58,242,58,54,2,1230,748,47,190,58,49,1,1092,0.03,0.61,0.25,-0.06,-0.04,N/A,0.08,84915,880.8808809,55.34946711,223.7531649,68.30359772,57.70476359,1.177648236,1285.991874,13416467.46,18366.61461
41,136,West Hill (136),343,23,89,65,7,0,527,394,17,66,64,6,2,549,423,15,72,78,8,0,596,402,31,86,65,9,0,593,391,22,78,68,8,1,566,-0.05,1.07,0.19,-0.17,0.13,N/A,-0.01,36371,1075.032306,60.48775123,214.4565725,186.9621402,21.9955459,2.749443238,1556.184873,9625667.734,14976.83272
42,1,West Humber-Clairville (1),265,296,143,76,40,0,820,285,260,118,64,57,3,787,267,310,126,74,40,4,821,274,319,117,93,58,0,861,273,296,126,77,49,2,822,0.03,0.03,-0.07,0.26,0.45,-100%,0.05,36570,746.5135357,809.4066174,344.5447088,210.5550998,133.989609,5.468963631,2247.744053,30145724.6,27924.10209
43,35,Westminster-Branson (35),74,28,56,10,2,0,170,88,17,67,5,4,0,181,89,24,21,8,7,0,149,87,20,40,12,4,0,163,85,22,46,9,4,0,166,-0.02,-0.17,0.9,0.5,-0.43,N/A,0.09,27822,305.5136223,79.07411401,165.3367838,32.34850119,14.37711164,0,596.650133,3667863.822,11495.51329
44,124,Kennedy Park (124),194,24,49,52,6,0,325,240,9,37,57,2,0,345,205,12,45,25,4,0,291,186,23,36,51,4,0,300,206,17,42,46,4,0,315,-0.09,0.92,-0.2,1.04,0,N/A,0.03,18203,1131.681591,93.39119925,230.7311982,252.705598,21.97439982,0,1730.483986,3580908.764,7606.784788
45,6,Kingsview Village-The Westway (6),90,58,38,18,5,2,211,126,48,33,32,3,1,243,131,42,35,27,5,2,242,109,38,39,14,6,2,208,114,47,36,23,5,2,226,-0.17,-0.1,0.11,-0.48,0.2,0%,-0.14,14306,796.8684468,328.5334825,251.6426674,160.7717042,34.95037047,13.98014819,1579.756745,5063450.594,10449.34187
46,49,Bayview Woods-Steeles (49),35,8,23,6,4,0,76,41,7,34,1,1,0,84,35,18,32,0,1,0,86,30,21,39,5,3,0,98,35,14,32,3,2,0,86,-0.14,0.17,0.22,,2,N/A,0.14,8350,419.1616766,167.6646707,383.2335329,35.92814371,23.95209581,0,1029.94012,4089019.535,8253.181426
47,33,Clanton Park (33),57,69,48,7,3,0,184,50,29,28,9,5,0,121,48,50,35,3,5,1,142,50,24,48,12,4,0,138,51,43,40,8,4,0,146,0.04,-0.52,0.37,3,-0.2,-100%,-0.03,20575,247.873633,208.9914945,194.4106926,38.88213852,19.44106926,0,709.5990279,4142619.211,10147.38456
48,110,Keelesdale-Eglinton West (110),54,17,18,26,1,1,117,45,14,18,17,2,0,96,42,10,8,12,0,0,72,49,25,11,18,4,1,108,48,17,14,18,2,1,98,0.17,1.5,0.38,0.5,,N/A,0.5,9357,512.9849311,181.6821631,149.6206049,192.3693492,21.37437213,10.68718606,1047.344234,1750799.477,5670.48448
49,54,O'Connor-Parkview (54),158,17,46,25,9,1,256,148,10,27,7,6,0,198,112,6,31,26,6,0,181,110,9,34,10,2,1,166,132,11,35,17,6,1,200,-0.02,0.5,0.1,-0.62,-0.67,N/A,-0.08,23514,561.3676958,46.78064132,148.8474951,72.29735477,25.51671345,4.252785575,850.5571149,4876824.083,10927.2618
50,58,Old East York (58),70,4,20,18,3,0,115,84,5,13,6,5,0,113,67,9,40,10,3,1,130,74,4,20,8,2,0,108,74,6,23,11,3,0,117,0.1,-0.56,-0.5,-0.2,-0.33,-100%,-0.17,16619,445.2734822,36.10325531,138.395812,66.1893014,18.05162766,0,704.0134785,2349914.95,7485.12938
51,96,Casa Loma (96),32,3,31,9,4,0,79,43,3,25,5,5,0,81,49,5,30,2,7,0,93,40,8,33,10,9,0,100,41,5,30,7,6,0,88,-0.18,0.6,0.1,4,0.29,N/A,0.08,15595,262.9047772,32.06155819,192.3693492,44.88618147,38.47386983,0,564.2834242,1922447.032,5937.737471
52,78,Kensington-Chinatown (78),349,25,101,71,19,0,565,392,22,96,59,32,1,602,380,29,84,63,19,5,580,435,32,110,96,26,0,699,389,27,98,72,24,2,612,0.14,0.1,0.31,0.52,0.37,-100%,0.21,13415,2899.739098,201.2672382,730.5255311,536.7126351,178.9042117,14.90868431,4562.057398,1534635.303,5024.418541
53,15,Kingsway South (15),27,19,27,17,2,0,92,32,15,27,21,3,0,98,31,9,25,12,2,0,79,24,22,33,15,6,0,100,29,16,28,16,3,0,92,-0.23,1.44,0.32,0.25,2,N/A,0.27,5175,560.3864734,309.178744,541.0628019,309.178744,57.97101449,0,1777.777778,2638229.292,8062.395375
54,89,Runnymede-Bloor West Village (89),43,19,30,14,1,0,107,54,13,27,30,1,0,125,43,10,23,16,2,0,94,45,22,22,16,2,0,107,46,16,26,19,2,0,108,0.05,1.2,-0.04,0,0,N/A,0.14,17358,265.0074893,92.17651803,149.7868418,109.4596152,11.52206475,0,622.1914967,1593977.977,6748.070186
55,101,Forest Hill South (101),19,5,40,0,5,0,69,16,11,22,1,5,0,55,10,9,20,2,4,0,45,25,10,63,2,4,0,104,18,9,36,1,5,0,68,1.5,0.11,2.15,0,0,N/A,1.31,12437,144.7294364,72.36471818,289.4588727,8.040524242,40.20262121,0,546.7556485,2479956.243,7188.439343
56,53,Henry Farm (53),46,12,34,1,2,0,95,46,10,23,3,3,1,86,58,8,12,1,1,0,80,58,13,25,11,9,1,117,52,11,24,4,4,1,95,0,0.63,1.08,10,8,N/A,0.46,9477,548.696845,116.0704864,253.2446977,42.20744961,42.20744961,10.5518624,1002.426928,2593261.591,8150.891021
57,95,Annex (95),272,19,182,56,30,0,559,321,14,128,62,28,0,553,325,21,141,62,27,0,576,309,27,142,80,37,0,595,307,20,148,65,31,0,571,-0.05,0.29,0.01,0.29,0.37,N/A,0.03,23107,1328.601722,86.55385814,640.4985502,281.3000389,134.1584801,0,2471.11265,2790349.661,7606.078047
58,109,Caledonia-Fairbank (109),33,8,23,8,3,0,75,42,4,9,6,1,0,62,38,9,9,8,1,0,65,50,7,8,2,1,0,68,41,7,12,6,2,0,68,0.32,-0.22,-0.11,-0.75,0,N/A,0.05,15517,264.2263324,45.11181285,77.33453632,38.66726816,12.88908939,0,438.2290391,1544449.908,4951.237182
59,8,Humber Heights-Westmount (8),29,29,19,13,1,1,92,40,28,27,10,4,0,109,38,22,26,13,4,1,104,42,30,33,5,7,1,118,37,27,26,10,4,1,106,0.11,0.36,0.27,-0.62,0.75,0%,0.13,14169,261.1334604,190.5568495,183.4991884,70.57661091,28.23064436,7.057661091,748.1120757,2802762.433,9088.17243
60,86,Roncesvalles (86),143,18,57,23,3,0,244,171,9,46,33,5,0,264,185,14,53,40,3,0,295,177,21,56,31,12,0,297,169,16,53,32,6,0,275,-0.04,0.5,0.06,-0.23,3,N/A,0.01,11358,1487.938017,140.8698715,466.6314492,281.7397429,52.8262018,0,2421.200916,1504531.709,6163.793979
61,79,University (79),144,10,66,52,5,0,277,130,11,61,19,8,0,229,157,16,45,32,6,0,256,170,9,57,23,4,1,264,150,12,57,32,6,0,257,0.08,-0.44,0.27,-0.28,-0.33,N/A,0.03,10047,1492.98298,119.4386384,567.3335324,318.5030357,59.7193192,0,2557.977506,1405246.467,4971.812899
62,48,Hillcrest Village (48),69,21,32,20,4,0,146,56,11,47,7,4,0,125,47,24,30,11,2,0,114,58,19,33,24,4,0,138,58,19,36,16,4,0,131,0.23,-0.21,0.1,1.18,1,N/A,0.21,15042,385.587023,126.3129903,239.3298763,106.3688339,26.59220848,0,870.8948278,5395673.323,9570.920007
63,115,Mount Dennis (115),101,28,18,31,2,1,181,103,16,25,13,1,0,158,111,20,34,39,0,0,204,103,16,20,36,5,0,180,105,20,24,30,2,0,181,-0.07,-0.2,-0.41,-0.08,,N/A,-0.12,8325,1261.261261,240.2402402,288.2882883,360.3603604,24.02402402,0,2174.174174,2129400.094,6852.235124
64,126,Dorset Park (126),130,50,91,30,5,0,306,160,38,88,37,9,0,332,195,40,70,55,10,0,370,195,39,86,35,4,1,360,170,42,84,39,7,0,342,0,-0.03,0.23,-0.36,-0.6,N/A,-0.03,22616,751.6802264,185.7092324,371.4184648,172.4442872,30.95153873,0,1512.20375,6012257.787,10567.00234
65,9,Edenbridge-Humber Valley (9),25,23,46,7,4,0,105,20,25,35,5,4,0,89,25,24,47,3,2,0,101,24,14,41,4,4,0,87,24,22,42,5,4,0,96,-0.04,-0.42,-0.13,0.33,1,N/A,-0.14,11593,207.0214785,189.7696886,362.2875873,43.12947468,34.50357975,0,828.0859139,5511730.192,11180.52138
66,93,Dovercourt-Wallace Emerson-Junction (93),256,32,84,67,12,2,453,248,33,84,56,8,3,432,283,32,97,53,11,0,476,292,34,92,73,10,2,503,270,33,89,62,10,2,466,0.03,0.06,-0.05,0.38,-0.09,N/A,0.06,25772,1047.648611,128.0459413,345.3360236,240.5711625,38.8018004,7.760360081,1808.163899,3725898.507,9225.632385
67,36,Newtonbrook West (36),114,22,44,23,3,0,206,85,19,36,4,7,0,151,126,21,44,16,2,0,209,92,23,80,37,10,0,242,104,21,51,20,6,0,202,-0.27,0.1,0.82,1.31,4,N/A,0.16,14928,696.6773848,140.6752412,341.6398714,133.9764202,40.19292605,0,1353.161844,4695745.707,8634.229366
68,82,Niagara (82),161,20,60,20,12,0,273,175,22,59,15,16,2,289,150,15,55,7,14,1,242,150,14,71,5,11,0,251,159,18,61,12,13,1,264,0,-0.07,0.29,-0.29,-0.21,-100%,0.04,24658,644.8211534,72.99862114,247.3842161,48.66574742,52.72122638,4.055478952,1070.646443,3241319.678,11006.57205
69,112,Beechborough-Greenbrook (112),69,11,24,26,2,0,132,69,8,19,10,4,0,110,64,13,16,29,3,0,125,68,14,22,14,2,0,120,68,12,20,20,3,0,122,0.06,0.08,0.38,-0.52,-0.33,N/A,-0.04,2528,2689.873418,474.6835443,791.1392405,791.1392405,118.6708861,0,4825.949367,1833616.581,6414.758005
70,88,High Park North (88),94,13,18,31,6,1,163,122,11,71,31,2,0,237,123,8,28,35,3,0,197,124,8,51,40,3,0,226,116,10,42,34,4,0,206,0.01,0,0.82,0.14,0,N/A,0.15,12012,965.7009657,83.25008325,349.6503497,283.0502831,33.3000333,0,1714.951715,1882301.624,6319.793105
71,87,High Park-Swansea (87),60,13,31,15,6,0,125,77,14,38,27,3,0,159,63,8,30,10,4,0,115,62,13,36,16,7,0,134,66,12,34,17,5,0,133,-0.02,0.63,0.2,0.6,0.75,N/A,0.17,28462,231.8881315,42.16147846,119.4575223,59.72876116,17.56728269,0,467.2897196,5357995.343,10614.34701
72,134,Highland Creek (134),89,31,30,23,4,0,177,83,14,40,34,5,1,177,89,9,36,15,2,0,151,102,18,31,20,2,0,173,91,18,34,23,3,0,170,0.15,1,-0.14,0.33,0,N/A,0.15,7826,1162.790698,230.0025556,434.4492717,293.8921544,38.33375926,0,2172.246358,5248252.289,9915.126835
73,74,North St.James Town (74),164,20,75,32,7,2,300,184,9,84,30,3,2,312,183,17,62,25,12,0,299,165,14,60,36,12,0,287,174,15,70,31,9,1,300,-0.1,-0.18,-0.03,0.44,0,N/A,-0.04,13513,1287.648931,111.0042182,518.0196847,229.4087175,66.6025309,7.400281211,2220.084363,424193.269,2574.424238
74,121,Oakridge (121),160,21,60,47,3,0,291,166,18,70,41,6,1,302,148,11,59,31,11,0,260,165,13,74,37,2,0,291,160,16,66,39,6,0,286,0.11,0.18,0.25,0.19,-0.82,N/A,0.12,17477,915.4889283,91.54889283,377.6391829,223.1504263,34.33083481,0,1636.436459,1878621.803,7808.947623
75,98,Rosedale-Moore Park (98),129,12,123,28,8,0,300,149,28,51,29,12,0,269,179,15,81,27,10,0,312,183,8,97,38,14,0,340,160,16,88,31,11,0,305,0.02,-0.47,0.2,0.41,0.4,N/A,0.09,26195,610.8035885,61.08035885,335.9419737,118.3431953,41.99274671,0,1164.344341,4668978.752,9663.226672
76,107,Oakwood Village (107),93,15,21,25,1,2,157,98,9,29,12,2,0,150,106,21,23,20,2,0,172,90,8,36,20,4,0,158,97,13,27,19,2,1,159,-0.15,-0.62,0.57,0,1,N/A,-0.08,28525,340.0525855,45.57405784,94.65381245,66.60823839,7.011393514,3.505696757,557.4057844,2219412.709,6334.937289
77,119,Wexford/Maryvale (119),244,56,125,54,16,2,497,262,49,94,40,19,0,464,250,50,84,27,14,2,427,234,70,89,46,14,0,453,248,56,98,42,16,1,460,-0.06,0.4,0.06,0.7,0,-100%,0.06,46468,533.7006112,120.5130412,210.8978222,90.38478092,34.4322975,2.152018593,989.928553,10264314.58,14186.83386
78,138,Eglinton East (138),216,21,43,81,8,0,369,203,25,78,53,4,0,363,223,23,72,49,7,0,374,227,36,73,43,2,1,382,217,26,67,57,5,0,372,0.02,0.57,0.01,-0.12,-0.71,N/A,0.02,6306,3441.167142,412.3057406,1062.480178,903.9010466,79.28956549,0,5899.143673,3223329.196,10013.05009
79,5,Elms-Old Rexdale (5),45,9,11,18,2,0,85,59,19,20,11,1,0,110,75,17,13,23,0,0,128,69,14,12,26,2,2,125,62,15,14,20,1,1,112,-0.08,-0.18,-0.08,0.13,,N/A,-0.02,3517,1762.866079,426.4998578,398.066534,568.6664771,28.43332386,28.43332386,3184.532272,2931291.416,9356.887832
80,129,Agincourt North (129),72,15,52,35,1,1,176,81,29,57,38,6,0,211,82,17,56,18,4,0,177,69,31,58,24,11,0,193,76,23,56,29,6,0,189,-0.16,0.82,0.04,0.33,1.75,N/A,0.09,31528,241.0555697,72.95102766,177.6198934,91.98173053,19.03070287,0,599.4671403,7262188.526,12381.4881
81,128,Agincourt South-Malvern West (128),105,30,71,25,19,0,250,106,29,62,27,9,0,233,129,29,59,34,12,0,263,116,34,96,32,14,0,292,114,31,72,30,14,0,260,-0.1,0.17,0.63,-0.06,0.17,N/A,0.11,28410,401.2671595,109.1165083,253.4318902,105.5966209,49.27842309,0,915.1707145,7873493.258,15386.81515
82,32,Englemount-Lawrence (32),59,26,34,27,4,0,150,69,20,39,12,2,0,142,114,22,44,35,3,0,218,96,28,39,21,8,0,192,85,24,39,24,4,0,176,-0.16,0.27,-0.11,-0.4,1.67,N/A,-0.12,23568,360.65852,101.8329939,165.4786151,101.8329939,16.97216565,0,746.7752885,3478188.592,8311.871603
83,11,Eringate-Centennial-West Deane (11),59,28,43,20,6,0,156,65,24,28,20,4,0,141,65,30,30,15,3,0,143,61,29,20,18,3,0,131,63,28,30,18,4,0,143,-0.06,-0.03,-0.33,0.2,0,N/A,-0.08,7258,868.0077156,385.7812069,413.3370074,248.0022045,55.11160099,0,1970.239735,8645710.702,15361.50912
84,117,L'Amoreaux (117),122,17,70,54,5,0,268,162,20,85,45,10,0,322,173,28,53,42,5,2,303,184,25,84,37,7,1,338,160,23,73,45,7,1,308,0.06,-0.11,0.58,-0.12,0.4,-50%,0.12,29728,538.2131324,77.36813778,245.5597417,151.3724435,23.54682454,3.363832078,1036.06028,7154924.431,12565.65468
85,42,Banbury-Don Mills (42),60,19,60,12,10,0,161,72,18,82,27,12,0,211,81,7,56,14,10,0,168,110,14,60,10,6,0,200,81,15,65,16,10,0,185,0.36,1,0.07,-0.29,-0.4,N/A,0.19,40704,198.9976415,36.85141509,159.6894654,39.3081761,24.56761006,0,454.5007862,10041865.42,18165.4909
86,34,Bathurst Manor (34),64,39,44,10,5,0,162,54,26,44,9,7,0,140,97,27,42,13,7,0,186,80,30,46,17,10,0,183,74,31,44,12,7,0,168,-0.18,0.11,0.1,0.31,0.43,N/A,-0.02,11733,630.6997358,264.2120515,375.0106537,102.2756328,59.66078582,0,1431.85886,4760489.033,14569.75844
87,20,Alderwood (20),45,9,23,5,7,1,90,47,19,27,6,3,0,102,39,17,26,11,10,0,103,21,14,23,6,7,0,71,38,15,25,7,7,0,92,-0.46,-0.18,-0.12,-0.45,-0.3,N/A,-0.31,9271,409.8802718,161.7948441,269.6580736,75.5042606,75.5042606,0,992.3417107,4978477.154,9168.676145
88,72,Regent Park (72),117,9,41,22,8,1,198,118,12,32,15,6,0,183,121,4,28,21,3,1,178,131,10,29,17,2,3,192,122,9,33,19,5,1,188,0.08,1.5,0.04,-0.19,-0.33,200%,0.08,11243,1085.11963,80.04980877,293.5159655,168.9940407,44.47211598,8.894423197,1672.151561,650289.9912,3258.931945
89,127,Bendale (127),209,48,109,71,9,1,447,230,51,61,77,11,0,430,260,50,62,67,14,3,456,276,41,68,81,18,0,484,244,48,75,74,13,1,454,0.06,-0.18,0.1,0.21,0.29,-100%,0.06,38656,631.2086093,124.1721854,194.0190397,191.4321192,33.62996689,2.58692053,1174.461921,7456650.189,13175.12076
90,122,Birchcliffe-Cliffside (122),141,12,72,16,3,0,244,130,18,80,26,5,1,260,198,16,75,24,6,0,319,161,11,82,12,6,1,273,158,14,77,20,5,1,274,-0.19,-0.31,0.09,-0.5,0,N/A,-0.14,26036,606.852051,53.77170072,295.744354,76.81671532,19.20417883,3.840835766,1052.389,6009176.127,14693.53212
91,91,Weston-Pellam Park (91),93,22,27,10,4,1,157,96,15,21,13,4,1,150,85,18,17,16,8,1,145,75,7,8,10,1,0,101,87,16,18,12,4,1,138,-0.12,-0.61,-0.53,-0.38,-0.88,-100%,-0.3,17338,501.7879802,92.28284693,103.8182028,69.21213519,23.07071173,5.767677933,795.9395547,1460610.169,5535.346936
92,26,Downsview-Roding-CFB (26),318,83,89,64,14,1,569,342,92,73,62,12,0,581,343,85,52,47,11,1,539,394,79,57,62,19,2,613,349,85,68,59,14,1,576,0.15,-0.07,0.1,0.32,0.73,100%,0.14,26915,1296.674717,315.8090284,252.6472227,219.2086197,52.01560468,3.715400334,2140.070593,14992611.01,21300.76001
93,114,Lambton Baby Point (114),17,5,12,1,0,0,35,30,5,12,1,2,0,50,14,1,7,5,1,0,28,18,7,9,2,0,0,36,20,5,10,2,1,0,37,0.29,6,0.29,-0.6,-1,N/A,0.29,3775,529.8013245,132.4503311,264.9006623,52.98013245,26.49006623,0,980.1324503,1781900.898,8088.354426
94,76,Bay Street Corridor (76),388,15,75,58,42,1,579,484,24,120,37,27,2,694,466,22,85,61,34,1,669,562,18,131,57,38,0,806,475,20,103,53,35,1,687,0.21,-0.18,0.54,-0.07,0.12,-100%,0.2,12877,3688.747379,155.3156791,799.8757475,411.5865497,271.8024385,7.765783956,5335.093578,1809306.059,6933.062115
95,24,Black Creek (24),249,51,29,58,10,0,397,253,51,28,45,5,0,382,297,56,28,49,8,1,439,265,39,28,60,19,0,411,266,49,28,53,11,0,407,-0.11,-0.3,0,0.22,1.38,-100%,-0.06,17241,1542.833942,284.2062525,162.4035729,307.4067629,63.80140363,0,2360.651934,3453918.501,8441.522649
96,51,Willowdale East (51),154,37,88,27,11,0,317,180,27,77,32,12,0,328,186,50,80,39,16,0,371,203,26,100,58,22,0,409,181,35,86,39,15,0,356,0.09,-0.48,0.25,0.49,0.38,N/A,0.1,56941,317.872886,61.46713265,151.0335259,68.49194781,26.34305685,0,625.2085492,5061150.805,9482.415551
97,37,Willowdale West (37),52,8,30,10,3,0,103,77,13,12,0,3,0,105,61,10,33,5,3,0,112,48,11,27,11,1,1,99,60,11,26,7,3,0,105,-0.21,0.1,-0.18,1.2,-0.67,N/A,-0.12,6954,862.8127696,158.1823411,373.8855335,100.6614898,43.14063848,0,1509.922347,2883478.935,7476.957769
98,131,Rouge (131),194,64,75,31,12,1,377,189,56,79,40,10,0,374,169,22,79,37,14,0,321,216,42,71,51,14,4,398,192,46,76,40,13,1,368,0.28,0.91,-0.1,0.38,0,N/A,0.24,63639,301.7017866,72.28271972,119.4236239,62.85453888,20.42772514,1.571363472,578.2617577,37535802.64,36134.43931
99,2,Mount Olive-Silverstone-Jamestown (2),251,67,28,77,6,2,431,239,58,38,107,5,3,450,283,44,34,115,3,1,480,286,48,40,88,1,0,463,265,54,35,97,4,2,456,0.01,0.09,0.18,-0.23,-0.67,-100%,-0.04,33484,791.4227691,161.2710548,104.5275355,289.6905985,11.94600406,5.973002031,1361.844463,4637675.931,12954.78098
100,71,Cabbagetown-South St.James Town (71),95,11,83,14,4,2,209,101,9,75,22,5,0,212,126,10,54,25,7,0,222,118,12,62,44,7,0,243,110,11,69,26,6,1,222,-0.06,0.2,0.15,0.76,0,N/A,0.09,26421,416.3354907,41.63354907,261.1558987,98.40657053,22.70920858,3.784868097,840.2407176,1417944.175,5759.129512
101,99,Mount Pleasant East (99),40,7,27,2,2,0,78,41,4,17,6,4,0,72,23,10,14,3,2,0,52,48,13,30,7,3,0,101,38,9,22,5,3,0,76,1.09,0.3,1.14,1.33,0.5,N/A,0.94,33503,113.4226786,26.86326598,65.66576128,14.92403665,8.954421992,0,226.8453571,3088929.066,11249.85922
102,104,Mount Pleasant West (104),123,12,61,19,9,0,224,135,5,79,24,8,0,251,137,6,40,20,4,1,208,156,9,55,16,4,0,240,138,8,59,20,6,0,231,0.14,0.5,0.38,-0.2,0,-100%,0.15,15234,905.8684521,52.51411317,387.2915846,131.2852829,39.38558488,0,1516.345018,1343255.547,5182.324044
103,69,Blake-Jones (69),63,2,15,11,1,0,92,39,6,27,10,0,0,82,61,2,15,9,1,1,89,47,6,13,15,1,0,82,53,4,18,11,1,0,86,-0.23,2,-0.13,0.67,0,-100%,-0.08,9167,578.1607942,43.63477692,196.3564961,119.9956365,10.90869423,0,938.1477037,941218.8796,4042.868575
104,4,Rexdale-Kipling (4),57,14,16,12,1,0,100,63,10,14,15,2,0,104,78,29,17,16,1,0,141,87,30,15,32,1,1,166,71,21,16,19,1,0,128,0.12,0.03,-0.12,1,0,N/A,0.18,6862,1034.683766,306.0332265,233.1681725,276.8872049,14.57301078,0,1865.34538,2505699.033,7067.233124
105,62,East End-Danforth (62),193,21,88,35,4,3,344,211,16,97,35,10,0,369,166,22,87,39,12,0,326,178,26,71,39,9,0,323,187,21,86,37,9,1,341,0.07,0.18,-0.18,0,-0.25,N/A,-0.01,13115,1425.848265,160.1219977,655.7377049,282.1197103,68.62371331,7.624857034,2600.076249,2638999.115,7372.198808
106,18,New Toronto (18),87,9,26,21,3,0,146,107,15,45,16,5,0,188,98,10,43,19,5,1,176,105,13,26,27,1,0,172,99,12,35,21,4,0,171,0.07,0.3,-0.4,0.42,-0.8,-100%,-0.02,8545,1158.572264,140.4330018,409.5962551,245.7577531,46.81100059,0,2001.170275,3481394.359,11322.02868
107,80,Palmerston-Little Italy (80),92,14,40,27,8,0,181,82,15,44,15,1,0,157,71,19,34,15,4,0,143,80,21,38,10,5,0,154,81,17,39,17,5,0,159,0.13,0.11,0.12,-0.33,0.25,N/A,0.08,11436,708.2896118,148.6533753,341.0283316,148.6533753,43.72158097,0,1390.346275,1435281.368,4967.565522
108,45,Parkwoods-Donalda (45),149,33,70,11,6,0,269,151,32,60,19,6,0,268,169,31,47,32,2,0,281,152,41,67,38,10,0,308,155,34,61,25,6,0,282,-0.1,0.32,0.43,0.19,4,N/A,0.1,30123,514.556983,112.870564,202.5030707,82.99306178,19.91833483,0,936.1617369,7464611.066,13452.36484
109,23,Pelmo Park-Humberlea (23),58,28,29,12,3,0,130,38,31,16,25,6,0,116,51,22,28,14,4,1,120,46,46,33,21,6,0,152,48,32,27,18,5,0,130,-0.1,1.09,0.18,0.5,0.5,-100%,0.27,24883,192.902785,128.6018567,108.5078166,72.33854439,20.09404011,0,522.4450428,4276291.357,13837.37048
110,67,Playter Estates-Danforth (67),68,7,45,22,1,0,143,60,9,48,17,2,0,136,89,8,41,14,4,0,156,93,7,23,9,4,0,136,78,8,39,16,3,0,143,0.04,-0.13,-0.44,-0.36,0,N/A,-0.13,5266,1481.200152,151.9179643,740.600076,303.8359286,56.96923661,0,2715.533612,887604.5012,4501.857172
111,7,Willowridge-Martingrove-Richview (7),88,45,45,34,6,0,218,72,37,40,16,3,1,169,109,54,40,62,5,0,270,107,40,41,23,4,0,215,94,44,42,34,5,0,218,-0.02,-0.26,0.03,-0.63,-0.2,N/A,-0.2,27469,342.203939,160.1805672,152.8996323,123.7758928,18.20233718,0,793.6219011,5517557.221,12059.31757
112,137,Woburn (137),351,46,121,83,11,3,615,389,33,149,81,13,2,667,369,34,80,68,14,1,566,406,47,85,124,26,0,688,379,40,109,89,16,2,634,0.1,0.38,0.06,0.82,0.86,-100%,0.22,34912,1085.586618,114.5737855,312.2135655,254.9266728,45.82951421,5.728689276,1815.9945,12334534.14,18111.54799
113,60,Woodbine-Lumsden (60),60,2,46,9,4,0,121,45,5,23,7,2,1,83,45,4,18,10,6,0,83,43,1,10,8,0,1,63,48,3,24,9,3,1,88,-0.04,-0.75,-0.44,-0.2,-1,N/A,-0.24,9183,522.7049984,32.6690624,261.3524992,98.00718719,32.6690624,10.88968747,958.292497,1196269.774,4871.211907
114,52,Bayview Village (52),88,25,49,7,10,0,179,108,16,35,5,8,0,172,86,15,37,12,5,0,155,69,21,40,8,8,0,146,88,19,40,8,8,0,163,-0.2,0.4,0.08,-0.33,0.6,N/A,-0.06,24547,358.4959466,77.40253391,162.952703,32.5905406,32.5905406,0,664.0322646,5159278.023,9504.275844
115,39,Bedford Park-Nortown (39),75,42,95,16,10,0,238,40,40,66,8,12,0,166,46,29,114,20,11,0,220,59,52,131,18,14,0,274,55,41,102,16,12,0,225,0.28,0.79,0.15,-0.1,0.27,N/A,0.25,13326,412.7269998,307.6692181,765.4209815,120.0660363,90.04952724,0,1688.428636,5518388.075,12817.14984
116,111,Rockcliffe-Smythe (111),131,41,36,32,6,0,246,128,36,35,37,3,2,241,139,31,33,53,4,0,260,112,49,34,44,10,0,249,128,39,35,42,6,1,249,-0.19,0.58,0.03,-0.17,1.5,N/A,-0.04,33006,387.8082773,118.1603345,106.0413258,127.249591,18.178513,3.029752166,754.4082894,5070803.991,11620.01483
117,41,Bridle Path-Sunnybrook-York Mills (41),20,3,35,1,6,0,65,27,12,37,2,1,0,79,15,10,49,2,4,0,80,25,5,62,1,6,0,99,22,8,46,2,4,0,81,0.67,-0.5,0.27,-0.5,0.5,N/A,0.24,9814,224.1695537,81.51620135,468.7181577,20.37905034,40.75810067,0,825.3515386,8838672.923,15651.7014
118,47,Don Valley Village (47),121,47,83,42,8,2,303,141,27,50,32,6,0,256,136,25,65,22,8,0,256,124,30,31,18,11,0,214,131,32,57,29,8,1,257,-0.09,0.2,-0.52,-0.18,0.38,N/A,-0.16,33970,385.6343833,94.20076538,167.7951133,85.36944363,23.55019135,2.943773918,756.549897,4212456.67,8326.674402
119,113,Weston (113),154,50,28,33,6,1,272,142,32,46,42,2,0,264,168,42,34,36,5,4,289,172,40,67,36,3,1,319,159,41,44,37,4,2,286,0.02,-0.05,0.97,0,-0.4,-75%,0.1,11424,1391.806723,358.8935574,385.1540616,323.8795518,35.0140056,17.5070028,2503.501401,2565667.506,10202.63678
120,103,Lawrence Park South (103),15,14,70,3,5,0,107,26,27,41,6,3,0,103,16,22,35,2,1,0,76,20,15,49,8,4,0,96,19,20,49,5,3,0,96,0.25,-0.32,0.4,3,3,N/A,0.26,16709,113.7111736,119.6959722,293.255132,29.92399306,17.95439583,0,574.5406667,3242455.005,9777.913651
121,30,Brookhaven-Amesbury (30),65,29,19,24,5,0,142,97,31,41,16,8,0,193,93,21,25,20,1,0,160,90,21,26,17,6,0,160,86,26,28,19,5,0,164,-0.03,0,0.04,-0.15,5,N/A,0,18816,457.0578231,138.1802721,148.8095238,100.9778912,26.57312925,0,871.5986395,3507376.8,8980.556398
122,19,Long Branch (19),56,8,22,12,1,0,99,63,13,30,14,4,0,124,60,13,27,5,0,0,105,61,13,26,9,3,0,112,60,12,26,10,2,0,110,0.02,0,-0.04,0.8,,N/A,0.07,14073,426.3483266,85.26966532,184.7509415,71.05805443,14.21161089,0,781.6385987,2261863.135,7806.825626
123,132,Malvern (132),209,22,63,38,10,0,342,271,29,41,45,3,0,389,272,35,67,64,7,4,449,275,53,34,59,7,2,430,257,35,51,52,7,2,403,0.01,0.51,-0.49,-0.08,0,-50%,-0.04,35841,717.0558857,97.65352529,142.2951369,145.0852376,19.53070506,5.580201445,1124.410591,8866608.615,12081.46912
124,83,Dufferin Grove (83),55,8,24,24,6,0,117,64,7,24,24,5,0,124,64,5,17,18,4,1,109,67,6,17,5,2,0,97,63,7,21,18,4,0,112,0.05,0.2,0,-0.72,-0.5,-100%,-0.11,16937,371.9667001,41.32963335,123.9889,106.2762,23.61693334,0,661.2741336,1387991.68,5148.345949
125,29,Maple Leaf (29),36,12,18,16,1,0,83,44,21,16,6,5,0,92,54,22,20,14,2,0,112,45,10,12,4,3,0,74,45,16,17,10,3,0,90,-0.17,-0.55,-0.4,-0.71,0.5,N/A,-0.34,16410,274.2230347,97.50152346,103.5953687,60.93845216,18.28153565,0,548.4460695,2526540.404,6377.876481
126,12,Markland Wood (12),19,8,44,5,3,0,79,12,12,19,2,2,0,47,19,13,15,10,2,0,59,21,9,11,8,1,0,50,18,11,22,6,2,0,59,0.11,-0.31,-0.27,-0.2,-0.5,N/A,-0.15,17465,103.0632694,62.98310908,125.9662182,34.35442313,11.45147438,0,337.8184941,2953849.181,7846.645771
127,116,Steeles (116),43,21,63,8,5,0,140,45,16,60,10,4,0,135,43,30,51,21,2,0,147,46,31,42,6,6,0,131,44,25,54,11,4,0,138,0.07,0.03,-0.18,-0.71,2,N/A,-0.11,24400,180.3278689,102.4590164,221.3114754,45.08196721,16.39344262,0,565.5737705,4561409.14,8943.854295
128,105,Lawrence Park North (105),26,23,34,0,4,1,88,25,22,39,6,5,0,97,26,13,32,4,3,0,78,35,25,30,6,5,0,101,28,21,34,4,4,0,91,0.35,0.92,-0.06,0.5,0.67,N/A,0.29,12472,224.5028865,168.3771648,272.6106479,32.07184092,32.07184092,0,729.634381,2289962.716,6540.421238
129,100,Yonge-Eglinton (100),24,3,28,10,2,0,67,24,8,17,7,2,1,59,32,3,20,7,2,0,64,34,3,19,9,3,0,68,29,4,21,8,2,0,65,0.06,0,-0.05,0.29,0.5,N/A,0.06,15763,183.9751316,25.37588023,133.2233712,50.75176045,12.68794011,0,412.3580537,1650450.936,5686.690985
130,17,Mimico (includes Humber Bay Shores) (17),203,34,59,9,10,0,315,200,33,66,24,15,1,339,241,34,48,12,17,1,353,341,40,58,22,14,1,476,246,35,58,17,14,1,371,0.41,0.18,0.21,0.83,-0.18,0%,0.35,28917,850.7106546,121.0360687,200.5740568,58.78894768,48.4144275,3.458173393,1282.982329,7059230.965,23378.03134
131,135,Morningside (135),97,19,28,17,0,0,161,119,16,21,25,1,1,183,151,12,19,9,0,0,191,134,9,15,15,2,0,175,125,14,21,17,1,0,178,-0.11,-0.25,-0.21,0.67,,N/A,-0.08,20103,621.7977416,69.64134706,104.4620206,84.56449286,4.974381933,0,885.4399841,5740335.676,13214.89933
132,73,Moss Park (73),334,24,134,125,6,1,624,368,22,95,133,19,1,638,441,17,128,115,12,2,715,425,16,129,91,19,4,684,392,20,122,116,14,2,665,-0.04,-0.06,0.01,-0.21,0.58,100%,-0.04,18649,2101.989383,107.2443563,654.1905732,622.0172663,75.07104939,10.72443563,3565.874846,1413053.095,6204.465227
133,84,Little Portugal (84),72,8,37,7,4,1,129,74,10,31,6,1,2,124,107,11,37,7,3,1,166,70,15,35,11,3,0,134,81,11,35,8,3,1,138,-0.35,0.36,-0.05,0.57,0,-100%,-0.19,15283,530.0006543,71.9753975,229.0126284,52.34574364,19.62965386,6.543217955,902.9640777,1216355.273,5440.874723
134,64,Woodbine Corridor (64),86,5,34,10,3,0,138,63,8,22,15,3,3,114,74,7,44,5,2,0,132,83,4,28,11,2,0,128,77,6,32,10,3,1,128,0.12,-0.43,-0.36,1.2,0,N/A,-0.03,10034,767.390871,59.79669125,318.9156867,99.66115208,29.89834562,9.966115208,1275.662747,1595693.595,5428.029871
135,50,Newtonbrook East (50),134,39,50,15,6,0,244,120,15,61,15,12,1,224,148,34,52,20,8,1,263,134,22,68,34,18,0,276,134,28,58,21,11,1,252,-0.09,-0.35,0.31,0.7,1.25,-100%,0.05,23195,577.7107135,120.7156715,250.0538909,90.53675361,47.4240138,4.311273981,1086.441043,4084743.619,8094.553927
136,130,Milliken (130),74,38,103,41,14,0,270,106,40,111,40,13,0,310,96,34,63,37,11,0,241,96,60,109,31,18,0,314,93,43,97,37,14,0,284,0,0.76,0.73,-0.16,0.64,N/A,0.3,30739,302.5472527,139.8874394,315.5600377,120.3682618,45.54474771,0,923.9077394,9478172.591,16781.82342
137,46,Pleasant View (46),33,12,18,5,2,1,71,42,7,18,12,4,0,83,48,8,29,12,3,0,100,40,17,11,6,4,0,78,41,11,19,9,3,0,83,-0.17,1.13,-0.62,-0.5,0.33,N/A,-0.22,19042,215.3135175,57.76704128,99.77943493,47.26394286,15.75464762,0,435.8785842,2967511.889,7944.81171
138,94,Wychwood (94),51,5,33,10,3,0,102,63,16,31,12,1,0,123,62,19,32,10,5,0,128,56,14,41,17,5,0,133,58,14,34,12,4,0,122,-0.1,-0.26,0.28,0.7,0,N/A,0.04,7397,784.1016628,189.2659186,459.6458024,162.2279302,54.07597675,0,1649.317291,1682071.962,5434.959317
139,56,Leaside-Bennington (56),42,8,42,7,9,0,108,29,14,34,12,5,1,95,44,4,31,9,3,0,91,42,4,31,11,5,0,93,39,8,35,10,6,0,97,-0.05,0,0,0.22,0.67,N/A,0.02,20308,192.0425448,39.39334253,172.3458735,49.24167816,29.54500689,0,477.6442781,4784925.582,14836.67349
140,108,Briar Hill-Belgravia (108),109,20,48,33,10,0,220,140,17,37,22,3,0,219,124,22,34,41,4,0,225,112,15,37,34,5,1,204,121,19,39,33,6,0,217,-0.1,-0.32,0.09,-0.17,0.25,N/A,-0.09,4572,2646.544182,415.5730534,853.0183727,721.7847769,131.2335958,0,4746.281715,1830359.669,6289.794864
